id,title,type,order,unit_id,level_id,question_id,user_id,text,is_correct,completed,unlocked,username,email,xp,joined_at,answered_at,bullet1,bullet2,bullet3,bullet4,selected_option_id
1,"Option A","quiz",1,1,1,1,1,"You're lending money to the company",false,true,true,"user1","user1@example.com",100,"2023-01-01 10:00:00","2023-01-02 11:00:00","Stocks represent ownership","Buying stock makes you a partial owner","More shares means more ownership","",1
2,"Option B","quiz",2,1,1,1,1,"You're working for the company",false,true,true,"user1","user1@example.com",100,"2023-01-01 10:00:00","2023-01-02 11:00:00","Stocks represent ownership","Buying stock makes you a partial owner","More shares means more ownership","",1
3,"Option C","quiz",3,1,1,1,1,"You own a piece of the company",true,true,true,"user1","user1@example.com",100,"2023-01-01 10:00:00","2023-01-02 11:00:00","Stocks represent ownership","Buying stock makes you a partial owner","More shares means more ownership","",1
4,"Option D","quiz",4,1,1,1,1,"You control the entire company",false,true,true,"user1","user1@example.com",100,"2023-01-01 10:00:00","2023-01-02 11:00:00","Stocks represent ownership","Buying stock makes you a partial owner","More shares means more ownership","",1
5,"Option A","quiz",1,1,2,2,1,"A piece of company debt",false,true,true,"user1","user1@example.com",100,"2023-01-01 10:00:00","2023-01-02 11:00:00","Shares are units of ownership","More shares means more ownership","Shares have finite supply","",2
6,"Option B","quiz",2,1,2,2,1,"A single unit of ownership in a company",true,true,true,"user1","user1@example.com",100,"2023-01-01 10:00:00","2023-01-02 11:00:00","Shares are units of ownership","More shares means more ownership","Shares have finite supply","",2
7,"Option C","quiz",3,1,2,2,1,"A coupon for buying company products",false,true,true,"user1","user1@example.com",100,"2023-01-01 10:00:00","2023-01-02 11:00:00","Shares are units of ownership","More shares means more ownership","Shares have finite supply","",2
8,"Option D","quiz",4,1,2,2,1,"A ticket to company meetings",false,true,true,"user1","user1@example.com",100,"2023-01-01 10:00:00","2023-01-02 11:00:00","Shares are units of ownership","More shares means more ownership","Shares have finite supply","",2
9,"Option A","quiz",1,1,3,3,1,"Because the company changes its name",false,true,true,"user1","user1@example.com",100,"2023-01-01 10:00:00","2023-01-02 11:00:00","Stock prices change based on supply/demand","Limited shares available","Prices fluctuate based on market interest","",3
10,"Option B","quiz",2,1,3,3,1,"Because there is a limited number of shares and their prices depend on supply and demand",true,true,true,"user1","user1@example.com",100,"2023-01-01 10:00:00","2023-01-02 11:00:00","Stock prices change based on supply/demand","Limited shares available","Prices fluctuate based on market interest","",3
11,"Option C","quiz",3,1,3,3,1,"Because employees decide the price daily",false,true,true,"user1","user1@example.com",100,"2023-01-01 10:00:00","2023-01-02 11:00:00","Stock prices change based on supply/demand","Limited shares available","Prices fluctuate based on market interest","",3
12,"Option D","quiz",4,1,3,3,1,"Because the government sets stock prices",false,true,true,"user1","user1@example.com",100,"2023-01-01 10:00:00","2023-01-02 11:00:00","Stock prices change based on supply/demand","Limited shares available","Prices fluctuate based on market interest","",3
13,"Option A","quiz",1,1,4,4,1,"You become a loan provider to the company",false,true,true,"user1","user1@example.com",100,"2023-01-01 10:00:00","2023-01-02 11:00:00","Buying stock makes you a partial owner","You share in company's growth and risks","Ownership comes with potential rewards and risks","",4
14,"Option B","quiz",2,1,4,4,1,"You become a partial owner and share in its future growth and risks",true,true,true,"user1","user1@example.com",100,"2023-01-01 10:00:00","2023-01-02 11:00:00","Buying stock makes you a partial owner","You share in company's growth and risks","Ownership comes with potential rewards and risks","",4
15,"Option C","quiz",3,1,4,4,1,"You get a job at the company",false,true,true,"user1","user1@example.com",100,"2023-01-01 10:00:00","2023-01-02 11:00:00","Buying stock makes you a partial owner","You share in company's growth and risks","Ownership comes with potential rewards and risks","",4
16,"Option D","quiz",4,1,4,4,1,"You get a free product from the company",false,true,true,"user1","user1@example.com",100,"2023-01-01 10:00:00","2023-01-02 11:00:00","Buying stock makes you a partial owner","You share in company's growth and risks","Ownership comes with potential rewards and risks","",4
17,"Option A","quiz",1,1,5,5,1,"When a company closes down",false,true,true,"user1","user1@example.com",100,"2023-01-01 10:00:00","2023-01-02 11:00:00","Buying stock makes you a partial owner","You share in company's growth and risks","Ownership comes with potential rewards and risks","",5
18,"Option B","quiz",2,1,5,5,1,"When a private company sells shares to the public for the first time",true,true,true,"user1","user1@example.com",100,"2023-01-01 10:00:00","2023-01-02 11:00:00","Buying stock makes you a partial owner","You share in company's growth and risks","Ownership comes with potential rewards and risks","",5
19,"Option C","quiz",3,1,5,5,1,"When a company buys another company",false,true,true,"user1","user1@example.com",100,"2023-01-01 10:00:00","2023-01-02 11:00:00","Buying stock makes you a partial owner","You share in company's growth and risks","Ownership comes with potential rewards and risks","",5
20,"Option D","quiz",4,1,5,5,1,"When employees get bonuses",false,true,true,"user1","user1@example.com",100,"2023-01-01 10:00:00","2023-01-02 11:00:00","Buying stock makes you a partial owner","You share in company's growth and risks","Ownership comes with potential rewards and risks","",5
21,"Option A","quiz",1,1,6,6,1,"A company owned by a small group and not traded on the stock market",false,true,true,"user1","user1@example.com",100,"2023-01-01 10:00:00","2023-01-02 11:00:00","Buying stock makes you a partial owner","You share in company's growth and risks","Ownership comes with potential rewards and risks","",6
22,"Option B","quiz",2,1,6,6,1,"A company whose shares anyone can buy on the stock market",true,true,true,"user1","user1@example.com",100,"2023-01-01 10:00:00","2023-01-02 11:00:00","Buying stock makes you a partial owner","You share in company's growth and risks","Ownership comes with potential rewards and risks","",6
23,"Option C","quiz",3,1,6,6,1,"A company that only sells products to employees",false,true,true,"user1","user1@example.com",100,"2023-01-01 10:00:00","2023-01-02 11:00:00","Buying stock makes you a partial owner","You share in company's growth and risks","Ownership comes with potential rewards and risks","",6
24,"Option D","quiz",4,1,6,6,1,"A company that has no shareholders",false,true,true,"user1","user1@example.com",100,"2023-01-01 10:00:00","2023-01-02 11:00:00","Buying stock makes you a partial owner","You share in company's growth and risks","Ownership comes with potential rewards and risks","",6
25,"Option A","quiz",1,1,7,7,1,"A company owned by a small group and whose shares are not traded publicly",true,true,true,"user1","user1@example.com",100,"2023-01-01 10:00:00","2023-01-02 11:00:00","Buying stock makes you a partial owner","You share in company's growth and risks","Ownership comes with potential rewards and risks","",7
26,"Option B","quiz",2,1,7,7,1,"A company that sells shares on the stock market",false,true,true,"user1","user1@example.com",100,"2023-01-01 10:00:00","2023-01-02 11:00:00","Buying stock makes you a partial owner","You share in company's growth and risks","Ownership comes with potential rewards and risks","",7
27,"Option C","quiz",3,1,7,7,1,"A company owned by the government",false,true,true,"user1","user1@example.com",100,"2023-01-01 10:00:00","2023-01-02 11:00:00","Buying stock makes you a partial owner","You share in company's growth and risks","Ownership comes with potential rewards and risks","",7
28,"Option D","quiz",4,1,7,7,1,"A company that sells products only online",false,true,true,"user1","user1@example.com",100,"2023-01-01 10:00:00","2023-01-02 11:00:00","Buying stock makes you a partial owner","You share in company's growth and risks","Ownership comes with potential rewards and risks","",7
29,"Option A","quiz",1,1,8,8,1,"To close the company",false,true,true,"user1","user1@example.com",100,"2023-01-01 10:00:00","2023-01-02 11:00:00","Buying stock makes you a partial owner","You share in company's growth and risks","Ownership comes with potential rewards and risks","",8
30,"Option B","quiz",2,1,8,8,1,"To raise money from the public by selling partial ownership",true,true,true,"user1","user1@example.com",100,"2023-01-01 10:00:00","2023-01-02 11:00:00","Buying stock makes you a partial owner","You share in company's growth and risks","Ownership comes with potential rewards and risks","",8
31,"Option C","quiz",3,1,8,8,1,"To fire employees",false,true,true,"user1","user1@example.com",100,"2023-01-01 10:00:00","2023-01-02 11:00:00","Buying stock makes you a partial owner","You share in company's growth and risks","Ownership comes with potential rewards and risks","",8
32,"Option D","quiz",4,1,8,8,1,"To buy other companies",false,true,true,"user1","user1@example.com",100,"2023-01-01 10:00:00","2023-01-02 11:00:00","Buying stock makes you a partial owner","You share in company's growth and risks","Ownership comes with potential rewards and risks","",8
33,"Option A","quiz",1,1,9,9,1,"Money a company pays to employees",false,true,true,"user1","user1@example.com",100,"2023-01-01 10:00:00","2023-01-02 11:00:00","Buying stock makes you a partial owner","You share in company's growth and risks","Ownership comes with potential rewards and risks","",9
34,"Option B","quiz",2,1,9,9,1,"Money a company pays to shareholders from its profits",true,true,true,"user1","user1@example.com",100,"2023-01-01 10:00:00","2023-01-02 11:00:00","Buying stock makes you a partial owner","You share in company's growth and risks","Ownership comes with potential rewards and risks","",9
35,"Option C","quiz",3,1,9,9,1,"The price of a stock",false,true,true,"user1","user1@example.com",100,"2023-01-01 10:00:00","2023-01-02 11:00:00","Buying stock makes you a partial owner","You share in company's growth and risks","Ownership comes with potential rewards and risks","",9
36,"Option D","quiz",4,1,9,9,1,"A loan the company takes",false,true,true,"user1","user1@example.com",100,"2023-01-01 10:00:00","2023-01-02 11:00:00","Buying stock makes you a partial owner","You share in company's growth and risks","Ownership comes with potential rewards and risks","",9
37,"Option A","quiz",1,1,10,10,1,"2%",false,true,true,"user1","user1@example.com",100,"2023-01-01 10:00:00","2023-01-02 11:00:00","Buying stock makes you a partial owner","You share in company's growth and risks","Ownership comes with potential rewards and risks","",10
38,"Option B","quiz",2,1,10,10,1,"4%",true,true,true,"user1","user1@example.com",100,"2023-01-01 10:00:00","2023-01-02 11:00:00","Buying stock makes you a partial owner","You share in company's growth and risks","Ownership comes with potential rewards and risks","",10
39,"Option C","quiz",3,1,10,10,1,"25%",false,true,true,"user1","user1@example.com",100,"2023-01-01 10:00:00","2023-01-02 11:00:00","Buying stock makes you a partial owner","You share in company's growth and risks","Ownership comes with potential rewards and risks","",10
40,"Option D","quiz",4,1,10,10,1,"50%",false,true,true,"user1","user1@example.com",100,"2023-01-01 10:00:00","2023-01-02 11:00:00","Buying stock makes you a partial owner","You share in company's growth and risks","Ownership comes with potential rewards and risks","",10
41,"Option A","quiz",1,1,11,11,1,"Money lost when you sell a stock",false,true,true,"user1","user1@example.com",100,"2023-01-01 10:00:00","2023-01-02 11:00:00","Buying stock makes you a partial owner","You share in company's growth and risks","Ownership comes with potential rewards and risks","",11
42,"Option B","quiz",2,1,11,11,1,"Profit made when you sell a stock for more than you paid",true,true,true,"user1","user1@example.com",100,"2023-01-01 10:00:00","2023-01-02 11:00:00","Buying stock makes you a partial owner","You share in company's growth and risks","Ownership comes with potential rewards and risks","",11
43,"Option C","quiz",3,1,11,11,1,"Dividends paid regularly",false,true,true,"user1","user1@example.com",100,"2023-01-01 10:00:00","2023-01-02 11:00:00","Buying stock makes you a partial owner","You share in company's growth and risks","Ownership comes with potential rewards and risks","",11
44,"Option D","quiz",4,1,11,11,1,"The price you pay to buy a stock",false,true,true,"user1","user1@example.com",100,"2023-01-01 10:00:00","2023-01-02 11:00:00","Buying stock makes you a partial owner","You share in company's growth and risks","Ownership comes with potential rewards and risks","",11
45,"Option A","quiz",1,1,12,12,1,"You only earn money if the stock pays dividends",false,true,true,"user1","user1@example.com",100,"2023-01-01 10:00:00","2023-01-02 11:00:00","Buying stock makes you a partial owner","You share in company's growth and risks","Ownership comes with potential rewards and risks","",12
46,"Option B","quiz",2,1,12,12,1,"You can earn from dividends or by selling the stock at a higher price",true,true,true,"user1","user1@example.com",100,"2023-01-01 10:00:00","2023-01-02 11:00:00","Buying stock makes you a partial owner","You share in company's growth and risks","Ownership comes with potential rewards and risks","",12
47,"Option C","quiz",3,1,12,12,1,"All companies pay dividends regularly",false,true,true,"user1","user1@example.com",100,"2023-01-01 10:00:00","2023-01-02 11:00:00","Buying stock makes you a partial owner","You share in company's growth and risks","Ownership comes with potential rewards and risks","",12
48,"Option D","quiz",4,1,12,12,1,"Stock value never changes",false,true,true,"user1","user1@example.com",100,"2023-01-01 10:00:00","2023-01-02 11:00:00","Buying stock makes you a partial owner","You share in company's growth and risks","Ownership comes with potential rewards and risks","",12
49,"Option A","quiz",1,1,13,13,1,"The total number of shares a company has",false,true,true,"user1","user1@example.com",100,"2023-01-01 10:00:00","2023-01-02 11:00:00","Buying stock makes you a partial owner","You share in company's growth and risks","Ownership comes with potential rewards and risks","",13
50,"Option B","quiz",2,1,13,13,1,"The total value of a company's shares, calculated by multiplying the share price by the number of shares",true,true,true,"user1","user1@example.com",100,"2023-01-01 10:00:00","2023-01-02 11:00:00","Buying stock makes you a partial owner","You share in company's growth and risks","Ownership comes with potential rewards and risks","",13
51,"Option C","quiz",3,1,13,13,1,"The price of one share",false,true,true,"user1","user1@example.com",100,"2023-01-01 10:00:00","2023-01-02 11:00:00","Buying stock makes you a partial owner","You share in company's growth and risks","Ownership comes with potential rewards and risks","",13
52,"Option D","quiz",4,1,13,13,1,"The company's yearly profit",false,true,true,"user1","user1@example.com",100,"2023-01-01 10:00:00","2023-01-02 11:00:00","Buying stock makes you a partial owner","You share in company's growth and risks","Ownership comes with potential rewards and risks","",13
53,"Option A","quiz",1,1,14,14,1,"Large-cap companies are more stable, while small-cap ones may grow faster but are riskier",true,true,true,"user1","user1@example.com",100,"2023-01-01 10:00:00","2023-01-02 11:00:00","Buying stock makes you a partial owner","You share in company's growth and risks","Ownership comes with potential rewards and risks","",14
54,"Option B","quiz",2,1,14,14,1,"Small-cap companies always pay higher dividends",false,true,true,"user1","user1@example.com",100,"2023-01-01 10:00:00","2023-01-02 11:00:00","Buying stock makes you a partial owner","You share in company's growth and risks","Ownership comes with potential rewards and risks","",14
55,"Option C","quiz",3,1,14,14,1,"Large-cap companies are newer and riskier",false,true,true,"user1","user1@example.com",100,"2023-01-01 10:00:00","2023-01-02 11:00:00","Buying stock makes you a partial owner","You share in company's growth and risks","Ownership comes with potential rewards and risks","",14
56,"Option D","quiz",4,1,14,14,1,"Small-cap companies are owned by the government",false,true,true,"user1","user1@example.com",100,"2023-01-01 10:00:00","2023-01-02 11:00:00","Buying stock makes you a partial owner","You share in company's growth and risks","Ownership comes with potential rewards and risks","",14
57,"Option A","quiz",1,1,15,15,1,"A loan you give to a company or government in exchange for interest",false,true,true,"user1","user1@example.com",100,"2023-01-01 10:00:00","2023-01-02 11:00:00","Buying stock makes you a partial owner","You share in company's growth and risks","Ownership comes with potential rewards and risks","",15
58,"Option B","quiz",2,1,15,15,1,"A type of stock that doesn't pay dividends",false,true,true,"user1","user1@example.com",100,"2023-01-01 10:00:00","2023-01-02 11:00:00","Buying stock makes you a partial owner","You share in company's growth and risks","Ownership comes with potential rewards and risks","",15
59,"Option C","quiz",3,1,15,15,1,"A form of company ownership",false,true,true,"user1","user1@example.com",100,"2023-01-01 10:00:00","2023-01-02 11:00:00","Buying stock makes you a partial owner","You share in company's growth and risks","Ownership comes with potential rewards and risks","",15
60,"Option D","quiz",4,1,15,15,1,"A financial agreement where you earn interest and get your money back later",true,true,true,"user1","user1@example.com",100,"2023-01-01 10:00:00","2023-01-02 11:00:00","Buying stock makes you a partial owner","You share in company's growth and risks","Ownership comes with potential rewards and risks","",15
61,"Option A","quiz",1,1,16,16,1,"Stocks and bonds",true,true,true,"user1","user1@example.com",100,"2023-01-01 10:00:00","2023-01-02 11:00:00","Buying stock makes you a partial owner","You share in company's growth and risks","Ownership comes with potential rewards and risks","",16
62,"Option B","quiz",2,1,16,16,1,"Company profits",false,true,true,"user1","user1@example.com",100,"2023-01-01 10:00:00","2023-01-02 11:00:00","Buying stock makes you a partial owner","You share in company's growth and risks","Ownership comes with potential rewards and risks","",16
63,"Option C","quiz",3,1,16,16,1,"Cryptocurrency wallets",false,true,true,"user1","user1@example.com",100,"2023-01-01 10:00:00","2023-01-02 11:00:00","Buying stock makes you a partial owner","You share in company's growth and risks","Ownership comes with potential rewards and risks","",16
64,"Option D","quiz",4,1,16,16,1,"Real estate or gold",false,true,true,"user1","user1@example.com",100,"2023-01-01 10:00:00","2023-01-02 11:00:00","Buying stock makes you a partial owner","You share in company's growth and risks","Ownership comes with potential rewards and risks","",16
65,"Option A","quiz",1,1,17,17,1,"A place where people can buy and sell shares of companies safely and fairly",true,true,true,"user1","user1@example.com",100,"2023-01-01 10:00:00","2023-01-02 11:00:00","Buying stock makes you a partial owner","You share in company's growth and risks","Ownership comes with potential rewards and risks","",17
66,"Option B","quiz",2,1,17,17,1,"A company that creates new stocks",false,true,true,"user1","user1@example.com",100,"2023-01-01 10:00:00","2023-01-02 11:00:00","Buying stock makes you a partial owner","You share in company's growth and risks","Ownership comes with potential rewards and risks","",17
67,"Option C","quiz",3,1,17,17,1,"A storage place for stock certificates",false,true,true,"user1","user1@example.com",100,"2023-01-01 10:00:00","2023-01-02 11:00:00","Buying stock makes you a partial owner","You share in company's growth and risks","Ownership comes with potential rewards and risks","",17
68,"Option D","quiz",4,1,17,17,1,"A website for company employees only",false,true,true,"user1","user1@example.com",100,"2023-01-01 10:00:00","2023-01-02 11:00:00","Buying stock makes you a partial owner","You share in company's growth and risks","Ownership comes with potential rewards and risks","",17
69,"Option A","quiz",1,1,18,18,1,"To show how much a company earns each year",false,true,true,"user1","user1@example.com",100,"2023-01-01 10:00:00","2023-01-02 11:00:00","Buying stock makes you a partial owner","You share in company's growth and risks","Ownership comes with potential rewards and risks","",18
70,"Option B","quiz",2,1,18,18,1,"To predict future stock prices",false,true,true,"user1","user1@example.com",100,"2023-01-01 10:00:00","2023-01-02 11:00:00","Buying stock makes you a partial owner","You share in company's growth and risks","Ownership comes with potential rewards and risks","",18
71,"Option C","quiz",3,1,18,18,1,"To identify a company's stock using a short code of letters",true,true,true,"user1","user1@example.com",100,"2023-01-01 10:00:00","2023-01-02 11:00:00","Buying stock makes you a partial owner","You share in company's growth and risks","Ownership comes with potential rewards and risks","",18
72,"Option D","quiz",4,1,18,18,1,"To rank companies by popularity",false,true,true,"user1","user1@example.com",100,"2023-01-01 10:00:00","2023-01-02 11:00:00","Buying stock makes you a partial owner","You share in company's growth and risks","Ownership comes with potential rewards and risks","",18
73,"Option A","quiz",1,1,19,19,1,"A record of your past stock purchases",false,true,true,"user1","user1@example.com",100,"2023-01-01 10:00:00","2023-01-02 11:00:00","Buying stock makes you a partial owner","You share in company's growth and risks","Ownership comes with potential rewards and risks","",19
74,"Option B","quiz",2,1,19,19,1,"A government-issued certificate for owning shares",false,true,true,"user1","user1@example.com",100,"2023-01-01 10:00:00","2023-01-02 11:00:00","Buying stock makes you a partial owner","You share in company's growth and risks","Ownership comes with potential rewards and risks","",19
75,"Option C","quiz",3,1,19,19,1,"A physical wallet for storing bonds",false,true,true,"user1","user1@example.com",100,"2023-01-01 10:00:00","2023-01-02 11:00:00","Buying stock makes you a partial owner","You share in company's growth and risks","Ownership comes with potential rewards and risks","",19
76,"Option D","quiz",4,1,19,19,1,"An account you open with a broker to buy and sell investments like stocks or ETFs",true,true,true,"user1","user1@example.com",100,"2023-01-01 10:00:00","2023-01-02 11:00:00","Buying stock makes you a partial owner","You share in company's growth and risks","Ownership comes with potential rewards and risks","",19
77,"Option A","quiz",1,1,20,20,1,"The total value of a company's assets",false,true,true,"user1","user1@example.com",100,"2023-01-01 10:00:00","2023-01-02 11:00:00","Buying stock makes you a partial owner","You share in company's growth and risks","Ownership comes with potential rewards and risks","",20
78,"Option B","quiz",2,1,20,20,1,"The difference between the highest price buyers are offering and the lowest price sellers are asking",true,true,true,"user1","user1@example.com",100,"2023-01-01 10:00:00","2023-01-02 11:00:00","Buying stock makes you a partial owner","You share in company's growth and risks","Ownership comes with potential rewards and risks","",20
79,"Option C","quiz",3,1,20,20,1,"The range of a stock's price over the last year",false,true,true,"user1","user1@example.com",100,"2023-01-01 10:00:00","2023-01-02 11:00:00","Buying stock makes you a partial owner","You share in company's growth and risks","Ownership comes with potential rewards and risks","",20
80,"Option D","quiz",4,1,20,20,1,"The gap between a company's revenue and expenses",false,true,true,"user1","user1@example.com",100,"2023-01-01 10:00:00","2023-01-02 11:00:00","Buying stock makes you a partial owner","You share in company's growth and risks","Ownership comes with potential rewards and risks","",20
81,"Option A","quiz",1,1,21,21,1,"3",false,true,true,"user1","user1@example.com",100,"2023-01-01 10:00:00","2023-01-02 11:00:00","Buying stock makes you a partial owner","You share in company's growth and risks","Ownership comes with potential rewards and risks","",21
82,"Option B","quiz",2,1,21,21,1,"2",true,true,true,"user1","user1@example.com",100,"2023-01-01 10:00:00","2023-01-02 11:00:00","Buying stock makes you a partial owner","You share in company's growth and risks","Ownership comes with potential rewards and risks","",21
83,"Option C","quiz",3,1,21,21,1,"4",false,true,true,"user1","user1@example.com",100,"2023-01-01 10:00:00","2023-01-02 11:00:00","Buying stock makes you a partial owner","You share in company's growth and risks","Ownership comes with potential rewards and risks","",21
84,"Option D","quiz",4,1,21,21,1,"5",false,true,true,"user1","user1@example.com",100,"2023-01-01 10:00:00","2023-01-02 11:00:00","Buying stock makes you a partial owner","You share in company's growth and risks","Ownership comes with potential rewards and risks","",21
85,"Option A","quiz",1,1,22,22,1,"15",false,true,true,"user1","user1@example.com",100,"2023-01-01 10:00:00","2023-01-02 11:00:00","Buying stock makes you a partial owner","You share in company's growth and risks","Ownership comes with potential rewards and risks","",22
86,"Option B","quiz",2,1,22,22,1,"18",false,true,true,"user1","user1@example.com",100,"2023-01-01 10:00:00","2023-01-02 11:00:00","Buying stock makes you a partial owner","You share in company's growth and risks","Ownership comes with potential rewards and risks","",22
87,"Option C","quiz",3,1,22,22,1,"20",true,true,true,"user1","user1@example.com",100,"2023-01-01 10:00:00","2023-01-02 11:00:00","Buying stock makes you a partial owner","You share in company's growth and risks","Ownership comes with potential rewards and risks","",22
88,"Option D","quiz",4,1,22,22,1,"25",false,true,true,"user1","user1@example.com",100,"2023-01-01 10:00:00","2023-01-02 11:00:00","Buying stock makes you a partial owner","You share in company's growth and risks","Ownership comes with potential rewards and risks","",22
89,"Option A","quiz",1,1,23,23,1,"It always means the company is going bankrupt",false,true,true,"user1","user1@example.com",100,"2023-01-01 10:00:00","2023-01-02 11:00:00","Buying stock makes you a partial owner","You share in company's growth and risks","Ownership comes with potential rewards and risks","",23
90,"Option B","quiz",2,1,23,23,1,"It shows the company has no earnings at all",false,true,true,"user1","user1@example.com",100,"2023-01-01 10:00:00","2023-01-02 11:00:00","Buying stock makes you a partial owner","You share in company's growth and risks","Ownership comes with potential rewards and risks","",23
91,"Option C","quiz",3,1,23,23,1,"It means investors are paying a high price now based on future expectations, which may not come true",true,true,true,"user1","user1@example.com",100,"2023-01-01 10:00:00","2023-01-02 11:00:00","Buying stock makes you a partial owner","You share in company's growth and risks","Ownership comes with potential rewards and risks","",23
92,"Option D","quiz",4,1,23,23,1,"It guarantees the company will grow fast",false,true,true,"user1","user1@example.com",100,"2023-01-01 10:00:00","2023-01-02 11:00:00","Buying stock makes you a partial owner","You share in company's growth and risks","Ownership comes with potential rewards and risks","",23
93,"Option A","quiz",1,1,24,24,1,"A market order executes immediately at the best available price, while a limit order only executes at a specific price or better",true,true,true,"user1","user1@example.com",100,"2023-01-01 10:00:00","2023-01-02 11:00:00","Buying stock makes you a partial owner","You share in company's growth and risks","Ownership comes with potential rewards and risks","",24
94,"Option B","quiz",2,1,24,24,1,"A market order is cheaper than a limit order",false,true,true,"user1","user1@example.com",100,"2023-01-01 10:00:00","2023-01-02 11:00:00","Buying stock makes you a partial owner","You share in company's growth and risks","Ownership comes with potential rewards and risks","",24
95,"Option C","quiz",3,1,24,24,1,"A limit order is faster than a market order",false,true,true,"user1","user1@example.com",100,"2023-01-01 10:00:00","2023-01-02 11:00:00","Buying stock makes you a partial owner","You share in company's growth and risks","Ownership comes with potential rewards and risks","",24
96,"Option D","quiz",4,1,24,24,1,"There is no difference between them",false,true,true,"user1","user1@example.com",100,"2023-01-01 10:00:00","2023-01-02 11:00:00","Buying stock makes you a partial owner","You share in company's growth and risks","Ownership comes with potential rewards and risks","",24
97,"Option A","quiz",1,1,25,25,1,"A single stock price",false,true,true,"user1","user1@example.com",100,"2023-01-01 10:00:00","2023-01-02 11:00:00","Buying stock makes you a partial owner","You share in company's growth and risks","Ownership comes with potential rewards and risks","",25
98,"Option B","quiz",2,1,25,25,1,"A group of stocks that represent a particular market or sector",true,true,true,"user1","user1@example.com",100,"2023-01-01 10:00:00","2023-01-02 11:00:00","Buying stock makes you a partial owner","You share in company's growth and risks","Ownership comes with potential rewards and risks","",25
99,"Option C","quiz",3,1,25,25,1,"A type of bond",false,true,true,"user1","user1@example.com",100,"2023-01-01 10:00:00","2023-01-02 11:00:00","Buying stock makes you a partial owner","You share in company's growth and risks","Ownership comes with potential rewards and risks","",25
100,"Option D","quiz",4,1,25,25,1,"A company's earnings report",false,true,true,"user1","user1@example.com",100,"2023-01-01 10:00:00","2023-01-02 11:00:00","Buying stock makes you a partial owner","You share in company's growth and risks","Ownership comes with potential rewards and risks","",25
101,"Option A","quiz",1,1,26,26,1,"The economy is doing poorly",false,true,true,"user1","user1@example.com",100,"2023-01-01 10:00:00","2023-01-02 11:00:00","Buying stock makes you a partial owner","You share in company's growth and risks","Ownership comes with potential rewards and risks","",26
102,"Option B","quiz",2,1,26,26,1,"The economy is doing well",true,true,true,"user1","user1@example.com",100,"2023-01-01 10:00:00","2023-01-02 11:00:00","Buying stock makes you a partial owner","You share in company's growth and risks","Ownership comes with potential rewards and risks","",26
103,"Option C","quiz",3,1,26,26,1,"Interest rates are going up",false,true,true,"user1","user1@example.com",100,"2023-01-01 10:00:00","2023-01-02 11:00:00","Buying stock makes you a partial owner","You share in company's growth and risks","Ownership comes with potential rewards and risks","",26
104,"Option D","quiz",4,1,26,26,1,"The market is about to crash",false,true,true,"user1","user1@example.com",100,"2023-01-01 10:00:00","2023-01-02 11:00:00","Buying stock makes you a partial owner","You share in company's growth and risks","Ownership comes with potential rewards and risks","",26
105,"Option A","quiz",1,1,27,27,1,"A group of companies in the same industry",true,true,true,"user1","user1@example.com",100,"2023-01-01 10:00:00","2023-01-02 11:00:00","Buying stock makes you a partial owner","You share in company's growth and risks","Ownership comes with potential rewards and risks","",27
106,"Option B","quiz",2,1,27,27,1,"A type of stock exchange",false,true,true,"user1","user1@example.com",100,"2023-01-01 10:00:00","2023-01-02 11:00:00","Buying stock makes you a partial owner","You share in company's growth and risks","Ownership comes with potential rewards and risks","",27
107,"Option C","quiz",3,1,27,27,1,"A government agency",false,true,true,"user1","user1@example.com",100,"2023-01-01 10:00:00","2023-01-02 11:00:00","Buying stock makes you a partial owner","You share in company's growth and risks","Ownership comes with potential rewards and risks","",27
108,"Option D","quiz",4,1,27,27,1,"A type of bond",false,true,true,"user1","user1@example.com",100,"2023-01-01 10:00:00","2023-01-02 11:00:00","Buying stock makes you a partial owner","You share in company's growth and risks","Ownership comes with potential rewards and risks","",27
109,"Option A","quiz",1,1,28,28,1,"The stock is less volatile than the market",false,true,true,"user1","user1@example.com",100,"2023-01-01 10:00:00","2023-01-02 11:00:00","Buying stock makes you a partial owner","You share in company's growth and risks","Ownership comes with potential rewards and risks","",28
110,"Option B","quiz",2,1,28,28,1,"The stock is 50% more volatile than the market",true,true,true,"user1","user1@example.com",100,"2023-01-01 10:00:00","2023-01-02 11:00:00","Buying stock makes you a partial owner","You share in company's growth and risks","Ownership comes with potential rewards and risks","",28
111,"Option C","quiz",3,1,28,28,1,"The stock will always go up",false,true,true,"user1","user1@example.com",100,"2023-01-01 10:00:00","2023-01-02 11:00:00","Buying stock makes you a partial owner","You share in company's growth and risks","Ownership comes with potential rewards and risks","",28
112,"Option D","quiz",4,1,28,28,1,"The stock is guaranteed to make money",false,true,true,"user1","user1@example.com",100,"2023-01-01 10:00:00","2023-01-02 11:00:00","Buying stock makes you a partial owner","You share in company's growth and risks","Ownership comes with potential rewards and risks","",28
113,"Option A","quiz",1,1,29,29,1,"How much a stock's price changes over time",true,true,true,"user1","user1@example.com",100,"2023-01-01 10:00:00","2023-01-02 11:00:00","Buying stock makes you a partial owner","You share in company's growth and risks","Ownership comes with potential rewards and risks","",29
114,"Option B","quiz",2,1,29,29,1,"How much money a company makes",false,true,true,"user1","user1@example.com",100,"2023-01-01 10:00:00","2023-01-02 11:00:00","Buying stock makes you a partial owner","You share in company's growth and risks","Ownership comes with potential rewards and risks","",29
115,"Option C","quiz",3,1,29,29,1,"How many shares a company has",false,true,true,"user1","user1@example.com",100,"2023-01-01 10:00:00","2023-01-02 11:00:00","Buying stock makes you a partial owner","You share in company's growth and risks","Ownership comes with potential rewards and risks","",29
116,"Option D","quiz",4,1,29,29,1,"How much a stock costs",false,true,true,"user1","user1@example.com",100,"2023-01-01 10:00:00","2023-01-02 11:00:00","Buying stock makes you a partial owner","You share in company's growth and risks","Ownership comes with potential rewards and risks","",29
117,"Option A","quiz",1,1,30,30,1,"The stock is oversold and might bounce back",false,true,true,"user1","user1@example.com",100,"2023-01-01 10:00:00","2023-01-02 11:00:00","Buying stock makes you a partial owner","You share in company's growth and risks","Ownership comes with potential rewards and risks","",30
118,"Option B","quiz",2,1,30,30,1,"The stock is overbought and might fall",true,true,true,"user1","user1@example.com",100,"2023-01-01 10:00:00","2023-01-02 11:00:00","Buying stock makes you a partial owner","You share in company's growth and risks","Ownership comes with potential rewards and risks","",30
119,"Option C","quiz",3,1,30,30,1,"The stock will definitely go up",false,true,true,"user1","user1@example.com",100,"2023-01-01 10:00:00","2023-01-02 11:00:00","Buying stock makes you a partial owner","You share in company's growth and risks","Ownership comes with potential rewards and risks","",30
120,"Option D","quiz",4,1,30,30,1,"The stock will definitely go down",false,true,true,"user1","user1@example.com",100,"2023-01-01 10:00:00","2023-01-02 11:00:00","Buying stock makes you a partial owner","You share in company's growth and risks","Ownership comes with potential rewards and risks","",30
121,"Option A","quiz",1,1,31,31,1,"A bull market is when prices are rising, a bear market is when prices are falling",true,true,true,"user1","user1@example.com",100,"2023-01-01 10:00:00","2023-01-02 11:00:00","Buying stock makes you a partial owner","You share in company's growth and risks","Ownership comes with potential rewards and risks","",31
122,"Option B","quiz",2,1,31,31,1,"A bull market is when prices are falling, a bear market is when prices are rising",false,true,true,"user1","user1@example.com",100,"2023-01-01 10:00:00","2023-01-02 11:00:00","Buying stock makes you a partial owner","You share in company's growth and risks","Ownership comes with potential rewards and risks","",31
123,"Option C","quiz",3,1,31,31,1,"There is no difference between them",false,true,true,"user1","user1@example.com",100,"2023-01-01 10:00:00","2023-01-02 11:00:00","Buying stock makes you a partial owner","You share in company's growth and risks","Ownership comes with potential rewards and risks","",31
124,"Option D","quiz",4,1,31,31,1,"A bull market is for stocks, a bear market is for bonds",false,true,true,"user1","user1@example.com",100,"2023-01-01 10:00:00","2023-01-02 11:00:00","Buying stock makes you a partial owner","You share in company's growth and risks","Ownership comes with potential rewards and risks","",31
125,"Option A","quiz",1,1,32,32,1,"Ownership in a company",true,true,true,"user1","user1@example.com",100,"2023-01-01 10:00:00","2023-01-02 11:00:00","Buying stock makes you a partial owner","You share in company's growth and risks","Ownership comes with potential rewards and risks","",32
126,"Option B","quiz",2,1,32,32,1,"A type of debt",false,true,true,"user1","user1@example.com",100,"2023-01-01 10:00:00","2023-01-02 11:00:00","Buying stock makes you a partial owner","You share in company's growth and risks","Ownership comes with potential rewards and risks","",32
127,"Option C","quiz",3,1,32,32,1,"A government bond",false,true,true,"user1","user1@example.com",100,"2023-01-01 10:00:00","2023-01-02 11:00:00","Buying stock makes you a partial owner","You share in company's growth and risks","Ownership comes with potential rewards and risks","",32
128,"Option D","quiz",4,1,32,32,1,"A type of currency",false,true,true,"user1","user1@example.com",100,"2023-01-01 10:00:00","2023-01-02 11:00:00","Buying stock makes you a partial owner","You share in company's growth and risks","Ownership comes with potential rewards and risks","",32
129,"Option A","quiz",1,1,33,33,1,"How efficiently a company uses its shareholders' money to generate profits",true,true,true,"user1","user1@example.com",100,"2023-01-01 10:00:00","2023-01-02 11:00:00","Buying stock makes you a partial owner","You share in company's growth and risks","Ownership comes with potential rewards and risks","",33
130,"Option B","quiz",2,1,33,33,1,"How much debt a company has",false,true,true,"user1","user1@example.com",100,"2023-01-01 10:00:00","2023-01-02 11:00:00","Buying stock makes you a partial owner","You share in company's growth and risks","Ownership comes with potential rewards and risks","",33
131,"Option C","quiz",3,1,33,33,1,"How much cash a company has",false,true,true,"user1","user1@example.com",100,"2023-01-01 10:00:00","2023-01-02 11:00:00","Buying stock makes you a partial owner","You share in company's growth and risks","Ownership comes with potential rewards and risks","",33
132,"Option D","quiz",4,1,33,33,1,"How many employees a company has",false,true,true,"user1","user1@example.com",100,"2023-01-01 10:00:00","2023-01-02 11:00:00","Buying stock makes you a partial owner","You share in company's growth and risks","Ownership comes with potential rewards and risks","",33
133,"Option A","quiz",1,1,34,34,1,"The company has a lot of debt relative to its equity",true,true,true,"user1","user1@example.com",100,"2023-01-01 10:00:00","2023-01-02 11:00:00","Buying stock makes you a partial owner","You share in company's growth and risks","Ownership comes with potential rewards and risks","",34
134,"Option B","quiz",2,1,34,34,1,"The company is very profitable",false,true,true,"user1","user1@example.com",100,"2023-01-01 10:00:00","2023-01-02 11:00:00","Buying stock makes you a partial owner","You share in company's growth and risks","Ownership comes with potential rewards and risks","",34
135,"Option C","quiz",3,1,34,34,1,"The company has no debt",false,true,true,"user1","user1@example.com",100,"2023-01-01 10:00:00","2023-01-02 11:00:00","Buying stock makes you a partial owner","You share in company's growth and risks","Ownership comes with potential rewards and risks","",34
136,"Option D","quiz",4,1,34,34,1,"The company is going bankrupt",false,true,true,"user1","user1@example.com",100,"2023-01-01 10:00:00","2023-01-02 11:00:00","Buying stock makes you a partial owner","You share in company's growth and risks","Ownership comes with potential rewards and risks","",34
137,"Option A","quiz",1,1,35,35,1,"Prices go up",true,true,true,"user1","user1@example.com",100,"2023-01-01 10:00:00","2023-01-02 11:00:00","Buying stock makes you a partial owner","You share in company's growth and risks","Ownership comes with potential rewards and risks","",35
138,"Option B","quiz",2,1,35,35,1,"Prices go down",false,true,true,"user1","user1@example.com",100,"2023-01-01 10:00:00","2023-01-02 11:00:00","Buying stock makes you a partial owner","You share in company's growth and risks","Ownership comes with potential rewards and risks","",35
139,"Option C","quiz",3,1,35,35,1,"Prices stay the same",false,true,true,"user1","user1@example.com",100,"2023-01-01 10:00:00","2023-01-02 11:00:00","Buying stock makes you a partial owner","You share in company's growth and risks","Ownership comes with potential rewards and risks","",35
140,"Option D","quiz",4,1,35,35,1,"It depends on the company",false,true,true,"user1","user1@example.com",100,"2023-01-01 10:00:00","2023-01-02 11:00:00","Buying stock makes you a partial owner","You share in company's growth and risks","Ownership comes with potential rewards and risks","",35
141,"Option A","quiz",1,1,36,36,1,"How easily a stock can be bought or sold without affecting its price",true,true,true,"user1","user1@example.com",100,"2023-01-01 10:00:00","2023-01-02 11:00:00","Buying stock makes you a partial owner","You share in company's growth and risks","Ownership comes with potential rewards and risks","",36
142,"Option B","quiz",2,1,36,36,1,"How much money a company makes",false,true,true,"user1","user1@example.com",100,"2023-01-01 10:00:00","2023-01-02 11:00:00","Buying stock makes you a partial owner","You share in company's growth and risks","Ownership comes with potential rewards and risks","",36
143,"Option C","quiz",3,1,36,36,1,"How many shares a company has",false,true,true,"user1","user1@example.com",100,"2023-01-01 10:00:00","2023-01-02 11:00:00","Buying stock makes you a partial owner","You share in company's growth and risks","Ownership comes with potential rewards and risks","",36
144,"Option D","quiz",4,1,36,36,1,"How much a stock costs",false,true,true,"user1","user1@example.com",100,"2023-01-01 10:00:00","2023-01-02 11:00:00","Buying stock makes you a partial owner","You share in company's growth and risks","Ownership comes with potential rewards and risks","",36
145,"Option A","quiz",1,1,37,37,1,"It can be bought or sold quickly without affecting the price much",true,true,true,"user1","user1@example.com",100,"2023-01-01 10:00:00","2023-01-02 11:00:00","Buying stock makes you a partial owner","You share in company's growth and risks","Ownership comes with potential rewards and risks","",37
146,"Option B","quiz",2,1,37,37,1,"It costs a lot of money",false,true,true,"user1","user1@example.com",100,"2023-01-01 10:00:00","2023-01-02 11:00:00","Buying stock makes you a partial owner","You share in company's growth and risks","Ownership comes with potential rewards and risks","",37
147,"Option C","quiz",3,1,37,37,1,"It pays high dividends",false,true,true,"user1","user1@example.com",100,"2023-01-01 10:00:00","2023-01-02 11:00:00","Buying stock makes you a partial owner","You share in company's growth and risks","Ownership comes with potential rewards and risks","",37
148,"Option D","quiz",4,1,37,37,1,"It never changes in price",false,true,true,"user1","user1@example.com",100,"2023-01-01 10:00:00","2023-01-02 11:00:00","Buying stock makes you a partial owner","You share in company's growth and risks","Ownership comes with potential rewards and risks","",37
149,"Option A","quiz",1,1,38,38,1,"It shows how much trading activity there is",true,true,true,"user1","user1@example.com",100,"2023-01-01 10:00:00","2023-01-02 11:00:00","Buying stock makes you a partial owner","You share in company's growth and risks","Ownership comes with potential rewards and risks","",38
150,"Option B","quiz",2,1,38,38,1,"It shows how much money the company makes",false,true,true,"user1","user1@example.com",100,"2023-01-01 10:00:00","2023-01-02 11:00:00","Buying stock makes you a partial owner","You share in company's growth and risks","Ownership comes with potential rewards and risks","",38
151,"Option C","quiz",3,1,38,38,1,"It shows how many employees the company has",false,true,true,"user1","user1@example.com",100,"2023-01-01 10:00:00","2023-01-02 11:00:00","Buying stock makes you a partial owner","You share in company's growth and risks","Ownership comes with potential rewards and risks","",38
152,"Option D","quiz",4,1,38,38,1,"It shows how much the stock costs",false,true,true,"user1","user1@example.com",100,"2023-01-01 10:00:00","2023-01-02 11:00:00","Buying stock makes you a partial owner","You share in company's growth and risks","Ownership comes with potential rewards and risks","",38
153,"Option A","quiz",1,1,39,39,1,"There is a lot of interest in the stock",true,true,true,"user1","user1@example.com",100,"2023-01-01 10:00:00","2023-01-02 11:00:00","Buying stock makes you a partial owner","You share in company's growth and risks","Ownership comes with potential rewards and risks","",39
154,"Option B","quiz",2,1,39,39,1,"The stock is going to crash",false,true,true,"user1","user1@example.com",100,"2023-01-01 10:00:00","2023-01-02 11:00:00","Buying stock makes you a partial owner","You share in company's growth and risks","Ownership comes with potential rewards and risks","",39
155,"Option C","quiz",3,1,39,39,1,"The company is going bankrupt",false,true,true,"user1","user1@example.com",100,"2023-01-01 10:00:00","2023-01-02 11:00:00","Buying stock makes you a partial owner","You share in company's growth and risks","Ownership comes with potential rewards and risks","",39
156,"Option D","quiz",4,1,39,39,1,"The stock will never change price",false,true,true,"user1","user1@example.com",100,"2023-01-01 10:00:00","2023-01-02 11:00:00","Buying stock makes you a partial owner","You share in company's growth and risks","Ownership comes with potential rewards and risks","",39
157,"Option A","quiz",1,1,40,40,1,"The opening and closing prices",true,true,true,"user1","user1@example.com",100,"2023-01-01 10:00:00","2023-01-02 11:00:00","Buying stock makes you a partial owner","You share in company's growth and risks","Ownership comes with potential rewards and risks","",40
158,"Option B","quiz",2,1,40,40,1,"The highest and lowest prices",false,true,true,"user1","user1@example.com",100,"2023-01-01 10:00:00","2023-01-02 11:00:00","Buying stock makes you a partial owner","You share in company's growth and risks","Ownership comes with potential rewards and risks","",40
159,"Option C","quiz",3,1,40,40,1,"The volume of trading",false,true,true,"user1","user1@example.com",100,"2023-01-01 10:00:00","2023-01-02 11:00:00","Buying stock makes you a partial owner","You share in company's growth and risks","Ownership comes with potential rewards and risks","",40
160,"Option D","quiz",4,1,40,40,1,"The company's earnings",false,true,true,"user1","user1@example.com",100,"2023-01-01 10:00:00","2023-01-02 11:00:00","Buying stock makes you a partial owner","You share in company's growth and risks","Ownership comes with potential rewards and risks","",40
161,"Option A","quiz",1,1,41,41,1,"The stock price went up that day",true,true,true,"user1","user1@example.com",100,"2023-01-01 10:00:00","2023-01-02 11:00:00","Buying stock makes you a partial owner","You share in company's growth and risks","Ownership comes with potential rewards and risks","",41
162,"Option B","quiz",2,1,41,41,1,"The stock price went down that day",false,true,true,"user1","user1@example.com",100,"2023-01-01 10:00:00","2023-01-02 11:00:00","Buying stock makes you a partial owner","You share in company's growth and risks","Ownership comes with potential rewards and risks","",41
163,"Option C","quiz",3,1,41,41,1,"The stock price stayed the same",false,true,true,"user1","user1@example.com",100,"2023-01-01 10:00:00","2023-01-02 11:00:00","Buying stock makes you a partial owner","You share in company's growth and risks","Ownership comes with potential rewards and risks","",41
164,"Option D","quiz",4,1,41,41,1,"The company made a lot of money",false,true,true,"user1","user1@example.com",100,"2023-01-01 10:00:00","2023-01-02 11:00:00","Buying stock makes you a partial owner","You share in company's growth and risks","Ownership comes with potential rewards and risks","",41
165,"Option A","quiz",1,1,42,42,1,"The highest and lowest prices reached during the period",true,true,true,"user1","user1@example.com",100,"2023-01-01 10:00:00","2023-01-02 11:00:00","Buying stock makes you a partial owner","You share in company's growth and risks","Ownership comes with potential rewards and risks","",42
166,"Option B","quiz",2,1,42,42,1,"The opening and closing prices",false,true,true,"user1","user1@example.com",100,"2023-01-01 10:00:00","2023-01-02 11:00:00","Buying stock makes you a partial owner","You share in company's growth and risks","Ownership comes with potential rewards and risks","",42
167,"Option C","quiz",3,1,42,42,1,"The volume of trading",false,true,true,"user1","user1@example.com",100,"2023-01-01 10:00:00","2023-01-02 11:00:00","Buying stock makes you a partial owner","You share in company's growth and risks","Ownership comes with potential rewards and risks","",42
168,"Option D","quiz",4,1,42,42,1,"The company's earnings",false,true,true,"user1","user1@example.com",100,"2023-01-01 10:00:00","2023-01-02 11:00:00","Buying stock makes you a partial owner","You share in company's growth and risks","Ownership comes with potential rewards and risks","",42
169,"Option A","quiz",1,1,43,43,1,"The highest price the stock reached in the past year",false,true,true,"user1","user1@example.com",100,"2023-01-01 10:00:00","2023-01-02 11:00:00","Buying stock makes you a partial owner","You share in company's growth and risks","Ownership comes with potential rewards and risks","",43
170,"Option B","quiz",2,1,43,43,1,"The lowest price the stock reached in the past year",false,true,true,"user1","user1@example.com",100,"2023-01-01 10:00:00","2023-01-02 11:00:00","Buying stock makes you a partial owner","You share in company's growth and risks","Ownership comes with potential rewards and risks","",43
171,"Option C","quiz",3,1,43,43,1,"The difference between the highest and lowest prices over the past year",true,true,true,"user1","user1@example.com",100,"2023-01-01 10:00:00","2023-01-02 11:00:00","Buying stock makes you a partial owner","You share in company's growth and risks","Ownership comes with potential rewards and risks","",43
172,"Option D","quiz",4,1,43,43,1,"The average price over the past year",false,true,true,"user1","user1@example.com",100,"2023-01-01 10:00:00","2023-01-02 11:00:00","Buying stock makes you a partial owner","You share in company's growth and risks","Ownership comes with potential rewards and risks","",43
173,"Option A","quiz",1,1,44,44,1,"A long position",true,true,true,"user1","user1@example.com",100,"2023-01-01 10:00:00","2023-01-02 11:00:00","Buying stock makes you a partial owner","You share in company's growth and risks","Ownership comes with potential rewards and risks","",44
174,"Option B","quiz",2,1,44,44,1,"A short position",false,true,true,"user1","user1@example.com",100,"2023-01-01 10:00:00","2023-01-02 11:00:00","Buying stock makes you a partial owner","You share in company's growth and risks","Ownership comes with potential rewards and risks","",44
175,"Option C","quiz",3,1,44,44,1,"A neutral position",false,true,true,"user1","user1@example.com",100,"2023-01-01 10:00:00","2023-01-02 11:00:00","Buying stock makes you a partial owner","You share in company's growth and risks","Ownership comes with potential rewards and risks","",44
176,"Option D","quiz",4,1,44,44,1,"A mixed position",false,true,true,"user1","user1@example.com",100,"2023-01-01 10:00:00","2023-01-02 11:00:00","Buying stock makes you a partial owner","You share in company's growth and risks","Ownership comes with potential rewards and risks","",44
177,"Option A","quiz",1,1,45,45,1,"A short position",true,true,true,"user1","user1@example.com",100,"2023-01-01 10:00:00","2023-01-02 11:00:00","Buying stock makes you a partial owner","You share in company's growth and risks","Ownership comes with potential rewards and risks","",45
178,"Option B","quiz",2,1,45,45,1,"A long position",false,true,true,"user1","user1@example.com",100,"2023-01-01 10:00:00","2023-01-02 11:00:00","Buying stock makes you a partial owner","You share in company's growth and risks","Ownership comes with potential rewards and risks","",45
179,"Option C","quiz",3,1,45,45,1,"A neutral position",false,true,true,"user1","user1@example.com",100,"2023-01-01 10:00:00","2023-01-02 11:00:00","Buying stock makes you a partial owner","You share in company's growth and risks","Ownership comes with potential rewards and risks","",45
180,"Option D","quiz",4,1,45,45,1,"A mixed position",false,true,true,"user1","user1@example.com",100,"2023-01-01 10:00:00","2023-01-02 11:00:00","Buying stock makes you a partial owner","You share in company's growth and risks","Ownership comes with potential rewards and risks","",45